framenr,kanji,keyword,public,last_edited,story
1,一,"one",0,2019-09-07 02:54:57,"One"
18,冒,"risk",0,2019-12-03 07:44:35,"It is risky to see the sun through naked eye."
19,朋,"companion",0,2019-12-03 07:45:16,"Two moons are companions that Hold (HOU) hands."
21,唱,"chant",1,2019-12-12 12:21:42,"The chanting monk opened his *mouth* and 2 *suns* appeared"
22,晶,"sparkle",0,2019-12-17 08:21:29,"diamonds can SHOU (show) a sparkle like 3 suns

Sparkle is a {森} of *suns*!"
23,品,"goods",0,2019-12-12 12:24:04,"I have enough GOODS to fill three MOUTHs. Give me a HINt(ヒン) why SHINAt(しな) picking them up."
24,呂,"spine",0,2019-12-12 12:26:56,"Spine connects head and body.

The spine goes from one opening mouth/opening (mouth/face) to another mouth/opening (genitals).  Just think of these openings being enlarged to represent the head and the body.  The bottom is bigger because the body is bigger than the face.

風呂　ふろ(Japanese bath)."
25,昌,"prosperous",0,2019-12-12 12:27:49,"1 sun = sun 2 suns = prosperous 3 suns = sparkle."
26,早,"early",0,2019-12-12 12:28:48,"EARLY, is when you have to start your *day* before *10*.."
27,旭,"rising sun",0,2020-01-15 09:44:54,"[Nine + Sun]
at {九} am there's a rising sun"
29,胃,"stomach",0,2019-12-17 08:42:37,"[{田} + {月}]
A field of rice could fill my stomach for over a month."
31,胆,"gall bladder",0,2019-12-17 09:02:40,"For a *month* {月},  I was up until *nightbreak* {旦}  because of my gall bladder {胆}"
32,亘,"span",0,2019-12-17 09:07:02,"sun spans from the floor to the ceiling

A sun span-wich."
33,凹,"concave",0,2019-12-17 09:15:54,"Looks like a vagina (in contrast to {凸} which looks like a penis)

An erect dick is convex; a deep vagina is concave"
34,凸,"convex",1,2019-12-17 09:15:35,"Looks like a penis (in contrast to {凹} which looks like a vagina)

An erect dick is convex; a deep vagina is concave"
35,旧,"olden times",0,2019-12-20 10:38:54,"Age 18 = olden times."
38,百,"hundred",0,2019-12-20 10:48:06,"*1* *white* = 100 black"
40,千,"thousand",0,2019-12-20 10:50:59,"The number ten bought a fancy hat for a THOUSAND yen!

One T = one thousand."
41,舌,"tongue",0,2019-12-20 10:53:20,"a *thousand* *mouths* can`t speak the same tongue"
42,升,"measuring box",0,2019-12-20 10:56:55,"A measuring box is a square wooden box that was used to measure one thousand grains of rice (needles)  in feudal Japan. It was supposed to be enough to feed a working man for one day.

Looks like a weird H"
43,昇,"rise up",0,2019-12-20 10:59:43,"a *sun* rising up from a *measuring box*

Weebs rise up ヽ༼ຈل͜ຈ༽ﾉ , take your rice *measuring box* with the *sun on top* and start chugging them to gravitate the non-weebs to become weebs"
44,丸,"round (Spherical)",0,2019-12-20 11:03:13,"Watch out for {太}. Here Heisig could have added a ""t"" and we would have had a much better keyword : #rotund#. #Rotund# is more specific than ""round"" which begs for confusion with {円}. A dictionary search on ""fat"" or ""round"" doesn't yield this kanji, but ""rotund"" does! Primitive suggestion: the *Laughing Buddha* is often depicted as a #rotund#, smiling bald man in robes with a largely exposed pot belly stomach (symbolizing plenitude)."
46,肘,"elbow",0,2020-01-07 02:51:25,"The *moon* is *glued* to my elbow"
47,専,"specialty",0,2019-12-09 10:13:57,"A *TNT pump* and some *glue* create a specialty weapon for ISIS"
48,博,"Dr. (PhD)",0,2020-01-07 02:55:28,"My Phd: Shooting 10 needles of heroin is my specialty

Needles (*10*) are a Dr. 's specialty

Watch for {医}, the sooner the better! In fact this kanji refers to someone well ""learned"", with extensive knowledge. This could apply to any kind of field. The kanji 医 (""doctor"") is directly related to medicine. I would suggest to take away completely the idea of medicine here, and use a popular character whose name includes the keyword such as ""Dr. Who"", ""Dr. Jekyll"", even ""Dr. Dobb's"" if you're into programming."
49,占,"fortune-telling",0,2020-01-07 02:59:27,"[ト + 口]

Fortune-telling requires you to speak {口}  from above {上}.

My nigga *ト*トロ 
a mouth with a magic wand is fortune telling"
52,卓,"eminent / table (dinner)",0,2020-01-07 07:49:58,"[ト + 早]

The magician who uses a *sun flower* (早) as a *wand* (ト) is very eminent (famous and respected within a particular sphere).

The world's most #eminent# sorcerer, Harry Potter,  used his *magic wand early* in life."
53,朝,"morning",0,2020-01-07 07:51:34,"Morning has come *ten* hours *early*!!! The ""moon"" is still in the sky!"
54,嘲,"derision (Mockery/ridicule)",0,2020-01-07 07:54:05,"[Mouth + Morning]

If your *mouth* is on a dick in the *morning*, you will be #ridiculed#, called a slut!"
56,貝,"shellfish / Money",0,2020-01-15 04:17:04,"Dont confuse with {頁}"
62,児,"newborn babe",0,2020-01-21 07:44:39,"[Olden times/ 18 {旧} + Human legs]

Compared to the *olden times*, 18 year olds are spreading their *legs* and birthing more #newborn babes# than ever before"
65,頑,"stubborn",0,2019-12-10 06:04:22,"Stubborn people can't even read the *beginning* of a *page* (head)."
66,凡,"mediocre",0,2020-01-21 07:48:43,"[Table/wind {几} (prim) + drop]

The *table* (几) with some *planks*(丶) is so ordinary and mediocre"
69,句,"phrase",0,2020-01-15 04:25:10,"[Bound + Mouth]
Some Japanese #phrase#s are difficult to *wrap* your *mouth* around."
70,肌,"texture",0,2020-01-15 04:31:06,"[Moon/Organ + Wind]

When you expose your flesh and *organs* to the *wind* it gets textured: goosebumps!"
74,首,"neck",0,2019-12-10 15:21:02,"During sex, you stick your *legs* over your *head* and neck"
77,直,"straightaway / Fix",0,2020-01-08 07:11:39,"[Ten/Needle + Eye + Fish hook/L (take the L)]
If you have *ten* *eyes* staring at you, #straightaway# take the *L*

If you have a *needle* in your *eye*, you gotta take the *L*, nobody can #fix# that shit #straighaway#"
78,具,"tool",0,2020-01-08 07:18:42,"[eye + pi/ tool (prim)]
The *eye* was the tool that was used to discover *pi*

*Eyes* are the *tool* which allows us to see."
79,真,"true",0,2020-01-08 07:18:08,"[Ten + eye + pi/tool (prim)]
You know, it really is true that *ten* *eyes* discovered *pi*"
83,有,"possess",0,2019-12-14 04:53:42,"*Naruto* does not possess the *moon*

有名 = Famous"
88,刃,"blade",0,2020-01-21 07:41:21,"[A drop + sword {刀}]

There's *a drop* of blood on the blade of the *sword*."
90,召,"seduce",0,2020-01-17 02:50:41,"[Sword + Mouth]

You can seduce a man by playing with his ""*sword*"" or his *mouth*"
91,昭,"shining",0,2020-02-12 02:55:44,"[Sun/day + seduce {召}]

The *sun* was shining so bright that it *seduced* Icarus and he flew too close.

In ""The Shining"", Jack Nicholson is *seduced* after *sun*(down)."
92,則,"rule",0,2020-01-17 02:57:41,"[Shellfish/money + realistic sword]

Fuck the rules, I have *money* and a (*realistic*) sword."
97,可,"can",0,2019-12-23 17:16:53,"(It can kinda) Looks like a buttler dog"
98,頂,"place on the head",0,2020-01-06 06:54:04,"[Nail + head]

A lobotomy involves *a nail* being #placed on the *head*#"
100,孔,"cavity",0,2020-01-21 07:24:51,"[Child + hook]

#Cavities# occur when *children* get *hooked* on candy and don't brush their teeth"
104,如,"likeness",0,2020-01-21 07:26:04,"The ""Like-ness"" Monster has a *woman's* *mouth*!"
106,貫,"pierce",0,2020-01-21 07:41:45,"[Mom (rice field looking one) + shellfish/money]

My *mom* (weird looking) sat on a *shellfish* and pierced her ass"
109,克,"overcome",0,2020-01-21 07:34:57,"[ten/needle + older bro]

My heroin-addicted *older bro* needs to overcome the *needle*"
114,夕,"evening",0,2020-01-21 07:54:30,"タ (katakana TA)"
115,汐,"eventide",0,2020-01-21 07:54:03,"[Water + Evening {夕}]

Eventide is just another word for *evening*, and it has the word tide in it which we associate with *water*."
118,石,"stone",0,2020-01-21 08:00:52,"[Bent T + Mouth]

The stone RIGHT there! (Looks like the kanji for みぎ  {右} )"
120,硝,"nitrate",0,2020-01-22 07:50:31,"[Stone {石}, resemble {肖}]

Nitrate has a *stone* *resemblance*.

To make a *stone* (石) *resemble* (肖) a bullet you need nitrate"
121,砕,"smash",0,2020-01-22 06:55:36,"[Stone + Nine + Ten/needle]
To SMASH a STONE you need to hit it NINE or TEN times."
122,砂,"sand",0,2020-01-28 06:09:05,"[Stone {石} + Few {少}]

Sand starts out as a *stone* and turns into a *few* grains

used in:
砂糖 (さとう)"
123,妬,"jealous",0,2020-01-22 08:02:17,"[Woman + Stone]
I am jealous of *women* (女) who have fat *stones* (石) on their finger.

kanji with similar meaning: CAREFUL! {羨}; {嫉}"
124,削,"plane (sharpen, whittle, pare, s",0,2020-02-12 03:02:33,"[Resemble {肖} + Realistic saber]
STORY:
To make a wooden saber, you need to plane (ie. pare, whittle) a piece of wood until it *resembles* a *realistic saber*.

DEF:
To plane: to make smooth or even by use of a plane"
125,光,"ray",0,2020-01-22 08:11:52,"[3 lines + Pie]"
126,太,"plump",0,2020-01-22 08:16:47,"That PLUMP *big* man can't help *drop*ping sweat.

太い"
128,臭,"stinking",0,2019-12-14 07:21:18,"When puberty starts, your *own* (自) body will become *big* and you will start to stinking more and more"
130,妙,"exquisite",0,2020-01-23 03:08:46,"[Woman + Few]

Exquisite *women* are *few*, we need more Hitmoi Tanakas in the world"
131,省,"focus",0,2020-01-28 06:09:42,"[Few + eye]
*Few* distractions will catch your *eye* if you have FOCUS."
132,厚,"thick",0,2020-01-28 06:11:18,"I have thick muscles because I used to climb that *cliff* 厂 every *day* 日 as a *child* 子."
133,奇,"strange",0,2020-01-28 06:12:05,"[Big + can {可}]
*Big* things *can* be strange.
A large 大 person walking down a small street 丁 with their mouth 口 wide open can 可 seem strange  奇."
136,順,"obey",0,2019-12-03 17:14:26,"To brainwash, flood the head with nonsense until they OBEY.


A page 頁 of paper floating down the stream 川 will obey 順 the current."
138,氷,"icicle",0,2019-12-06 05:44:38,"A drop in temperature turns water into an icicle."
143,願,"petition / Wish / Beg",0,2020-01-14 07:07:30,"[meadow {原} + Head/Page {頁} ]

Japanese hippies PETITION to save a *meadow* by getting people on the street to sign their *page* - as you pass by they call out: ""お願いします、おねがいします。”."
153,源,"source",0,2020-02-12 02:52:33,"[Water + Meadow]
There is a source of *water* near by the *meadow*."
154,活,"lively",0,2019-12-06 05:15:01,"氵 (“water”) + 舌 (“tongue”)

Water comes off the lively speaker's tongue."
157,河,"river",0,2020-02-12 02:59:04,"[Water + Can {可}]

*Water* *can* make rivers."
158,泊,"overnight",0,2020-02-12 02:57:21,"[Water + White]
Overnight *water* *white* (it rhymes)."
159,湖,"lake",0,2020-02-12 03:00:16,"[Water + old + moon/organ]

The *Water* reflects the *old* *moon* in the lake."
160,測,"fathom / scientific measurement",0,2020-02-12 03:07:36,"[Water + rule {則}]

A fathom (unit of measurement of water depth):

You can't #fathom# how deep this *water* is. Perhaps you should use a *ruler* to measure it?"
163,圧,"pressure",0,2020-02-26 07:32:40,"[Cliff + Earth/Jesus]

*Jesus* was pressured into living under a *cliff*"
164,埼,"cape",0,2020-02-26 07:36:37,"[Jesus/land + Strange {奇}]

This cape refers to *LAND* and *EARTH*, not the *STRANGE* gear superheroes wear."
165,垣,"hedge",0,2020-02-26 07:40:59,"[Jesus/Earth + Span{亘}]

When *Jesus* rises, a *span* of hedges rose up as well"
166,填,"inlay",0,2020-02-26 07:56:40,"[Jesus + True {真}]

It is a fact that *Jesus* is inlayed with the *truth*"
167,圭,"squared jewel / Jesus^2",0,2020-02-26 07:48:15,"Jesus^2 is my squared jewel"
168,封,"seal",0,2020-02-26 08:00:01,"[Squared Jewel/ Jesus^2 {圭} + Glue]

I sealed the *squared jewels of Jesus^2* with some *Glue*"
172,均,"average/level",0,2020-01-30 11:51:36,"[Jesus + equal]"
189,量,"quantity",0,2019-12-05 15:33:16,"A quantity can be a measure of time or space (day/ri)."
195,向,"yonder",0,2019-12-10 07:17:48,"Bruh, there is a pimple (dot) yonder your *goatee*"
198,守,"guard",0,2019-12-10 15:01:25,"The guard has a *crown* *glued* to his head"
200,宣,"proclaim",0,2020-01-14 07:41:30,"[Crown + span {亘}]

After I got my *crown* I was proclaimed king, I hope for a long *span*"
214,棚,"shelf",0,2019-12-12 06:38:29,"A shelf is a *wooden* {木} *companion*{朋} to books."
217,植,"plant",0,2020-02-25 08:10:37,"[Tree + straightaway/fix {直}]

Think *BIG SHAQ* 

If you smoke *trees* and eat #plants#, your problems will be *fixed straightaway*"
218,椅,"chair",0,2020-02-11 07:24:47,"[Tree +  {奇}]

A chair is just a *strange* *tree* really.


A *tree*, a really *big* one was made into a chair; it was *possible* in the end.

*Possible*: Nail with a mouth under it"
222,相,"inter- / partner",0,2020-01-21 06:23:52,"During intercourse, I accidentally put my *wood* in my #partner#'s *eye*

be careful of:

{祖} ancestor"
227,案,"guide/proposal",0,2020-01-30 11:53:44,"[Cheap/safe {安} + Tree]

I can #guide# you *safely/cheaply* to the *tree* 

I plan to RELAX on top of that TREE."
239,苦,"suffering",0,2020-01-30 11:30:00,"[Flower + Old]

*Flowers* for the *old* & suffering."
242,薄,"dilute",0,2019-12-10 16:06:56,"Her *specialty* is submerging (diluting) fragrant *flowers* in a lot of *water*, to create a very WEAK perfume."
251,桃,"peach tree",0,2019-12-23 16:42:40,"A *tree* with only peaches is a very bad *omen* - Beware!"
261,特,"special",0,2020-01-15 03:56:52,"[Cow + Buddhist temple]
This *cow* is special enough to be in the *Buddhist temple*."
262,告,"revelation",0,2019-12-10 15:54:19,"Out of the 牛 口 came a 告."
264,洗,"wash",0,2020-01-27 16:03:29,"[Water + Before {先} ]

Wash with *water*,.... *before* the slaughter"
269,合,"fit",0,2019-12-03 17:42:08,"The umbrella did not fit in his Mouth."
275,現,"present",0,2020-01-31 02:41:40,"[King + see]
*The King* can *See* the present state of affairs."
285,注,"pour",0,2019-12-12 17:11:30,"If there is water next to the lord/master {主}, then dont pour him another one"
292,針,"needle",0,2019-12-12 12:36:12,"Needles if made from *gold* are *10* times stronger."
301,逃,"escape",0,2019-12-06 07:15:27,"A bad *omen* is a sign for you to start moving (*movement*) and to escape"
305,連,"take along",0,2019-12-05 16:19:26,"When I am on the *move* I always take along my car.

Take Along 連 = when you take a guest in your car on the road.

The difference between 輸 (#289), 連 (#287) and 運 (#303)? Transport 輸= when your car moves big items, like meat and sabers for that one butcher's hut. Take Along 連 = when you take a guest in your car on the road. Carry 運 = the luck you carry when the king's carriage is out on the road, tossing gold coins to bystanders."
307,輸,"transport",0,2019-12-12 06:04:39,"The *car* transports animals for a meeting with *the butcher*.

The difference between {輸}, {連} and {運} ? Transport 輸= when your car moves big items, like meat and sabers for that one butcher's hut. Take Along 連 = when you take a guest in your car on the road. Carry 運 = the luck you carry when the king's carriage is out on the road, tossing gold coins to bystanders.

Be careful:
- {輪}"
319,条,"twig",0,2020-01-23 12:01:02,"[Each + Tree]

In the woods, *Each* *tree* has a branch that is a twig"
323,軍,"army",0,2020-01-08 06:58:49,"[Hat (ushanka) + Car]

The russian army makes their soldiers wear *hats* while *cars* drive by"
325,運,"carry",0,2020-02-02 03:09:19,"[ Army + Movement ]
The difference between 輸 (#289), 連 (#287) and 運 (#303)? Transport 輸= when your car moves big items, like meat and sabers for that one butcher's hut. Take Along 連 = when you take a guest in your car on the road. Carry 運 = the luck you carry when the king's carriage is out on the road, tossing gold coins to bystanders."
336,景,"scenery",0,2019-12-03 08:18:10,"*Sun* over *the capital* makes for nice scenery."
337,鯨,"whale",0,2019-12-14 05:16:04,"A whale is like a {魚} except it is as big as the {京}."
347,覚,"memorize",1,2019-12-03 07:59:54,"You'll never memorize all the kanji if I keep seeing with that punk hair cut"
355,故,"happenstance / accident",0,2019-12-14 06:54:46,"The *director* is so *old*, he keeps having #accidents# on set."
374,談,"discuss",0,2020-01-21 06:25:57,"[Say/Word + Flame {炎}]

I hate to DISCUSS religion or politics because people's *WORDS* always become *INFLAMED*."
378,試,"test",0,2020-01-07 06:47:41,"[Speaking {言} + style {式}]
The Japanese oral exam was a #test# of my *speaking* *style*.


The test focused on *speaking* and writing *style* (ceremony)"
387,城,"castle",0,2019-12-11 18:27:06,"Bruh, If *Jesus* can do anything, then he can *become* a castle. (you gotta stop doing drugs, man)"
401,企,"undertake",0,2019-12-17 05:25:13,"In Resident Evil, you UNDERTAKE a mission to STOP UMBRELLA from infecting the country with the T-Virus.

The Undertaker is an evil WWE wrestler - he beat his opponent with an *umbrella* until he stopped *moving*."
402,歴,"curriculum",0,2020-01-16 05:28:06,"[Cliff + grove {林} + stop {止}]
At Extreme Schooling, our curriculum includes *cliff* diving, *grove* climbing, and time *stopping*."
407,政,"politics",0,2020-01-30 16:04:05,"[Correct {正} + Director]

To elect the *correct* *director* is the aim of politics."
413,越,"surpass / go beyond",0,2019-12-29 14:36:28,"By #Going Beyond# the limits of good taste, the Nazis *ran* and *became* extinct."
417,建,"build",0,2019-12-12 12:39:42,"Before you build something you first need to *stretch out* 廴your *brush* 聿 and make plans.  廴 trad. meaning is *move*, so you could say *move* your *brush*.  建設、けんせつ, construction, building: 宇宙ステーションを建設しました, ""They built a space station."" 新体育館はまだ建設中です, ""The new gym is still under construction."" 建てる、たてる, to build: 兄は大きな家を建てました, ""My older brother built a big house."" 建物、たてもの, building."
424,裁,"trial/tailor",0,2020-01-31 02:40:27,"[Ten/Needle + Spear + Cloth {衣} ]

The decision of the #trial#: *ten* *spears* will rip through the *cloth* of your vest -- while you're wearing it!"
426,裏,"back",0,2019-12-10 17:10:52,"If you wear a *beret* in the back part of the *village*, you'll get *kicked in the nuts*. It's a rough 'hood."
447,制,"system",0,2019-12-23 17:48:28,"[Cow body (made up) + realistic sword]

The *cow boy* and his *realistic sword* fought off the racist system"
449,転,"revolve",0,2019-12-05 16:09:35,"#New primitive:# {云} = *rising cloud*, eg. of dust, smoke, vapor etc. 

The car's wheels revolve, sending up a *rising cloud* of dust."
450,芸,"technique",0,2020-01-07 06:38:19,"[Flower + rising cloud {云}(primitive)]

His technique was graceful, he used a flower to *decapitate twin cows*; his technique, like Hannibal Lecter

Used in 芸者 (げいしゃ) and 芸術 (げいじゅつ, see {術} )."
460,橋,"bridge",0,2020-02-11 07:28:06,"Wooden {木} high building {喬} is the bridge between two shores."
464,章,"badge",0,2020-03-10 08:19:46,"[Rise + Sun flower/early]

Those who *STAND UP* *EARLY* receive a BADGE."
466,帝,"sovereign",0,2020-01-07 06:55:19,"[Stand up + towel {巾}]"
473,適,"suitable",0,2020-01-17 06:51:51,"[Antique (prim) + Motion/movement]

The ninja's *movements* are *antique*, but very suitable for the time period"
475,敵,"enemy",0,2020-01-12 15:54:55,"[Yosemite Sam/Antique(prim) {啇} + Director]

Bugs Bunny was the *ENEMY* of *Yosemite Sam*. (as was the director of the cartoon, which is why Sam always lost!)"
479,頃,"about that time",0,2020-01-27 03:28:12,"[ヒ + head]

*ヒ* gets *head* from his GF at #about that time# of the day"
487,混,"mix",0,2019-12-11 18:06:15,"Water and the Sun are not comparable; they dont mix well"
505,欠,"lack",0,2019-12-06 05:31:07,"To me, this kanji looks like a person with two arms and two legs, but who lacks a head."
512,資,"assets / capital ($$)",0,2020-01-30 15:04:56,"[Next {次} + Money/Shellfish]

#Assets# and #capital# are the *next* best thing to *money*."
523,境,"boundary (border)",1,2020-01-23 11:49:34,"[Jesus + Stand + see (Day + human legs)]
If *Jesus* *stands* on the earth over there, he can *see* all the way to the border*.

竟 = tsui (final, end). So 境 = SOIL + END, or the end of the land. End of the land = its perimeter, the boundary!"
524,亡,"deceased",0,2019-12-12 17:40:26,"Looks like a bathtub"
528,望,"ambition",0,2020-01-06 06:49:56,"[Dying + Moon/Organ + King]

Think of the ambition of Macbeth and Lady Macbeth - making the old *King* *deceased* under the light of the *moon*."
537,脱,"undress",0,2020-02-26 08:02:55,"[Moon + Horny older bro)]
Under the *moon*, my *horny older bro* loves to undress himself"
538,説,"explanation",0,2020-01-17 06:46:49,"[Say {言} + Horny older bro]
My *horny older bro* got caught watching porn by his Mom. He *says* ""I can #explain#!"""
548,染,"dye",0,2020-01-30 11:17:04,"[Water + 9 + tree]

SEND the artists to dye *9* *trees* with a *water*-based dye!

To make this dye, I used *water* and the barks of *nine* different *trees*."
559,虹,"rainbow",0,2019-12-23 17:45:39,"[Insect {虫} + craft {工}]

The *insects* *craft*ed the rainbow through magic and drugs"
561,独,"single",0,2019-12-11 18:20:42,"I am so single that I have many *cats* and *insects* as pets"
565,起,"rouse (wake up) / occur",0,2020-01-27 16:05:54,"[Run {走} + Snake/myself]
If you rouse (awaken) a *snake* you better *RUN*!"
568,記,"scribe",0,2019-12-05 15:46:11,"*Saying* things to *yourself* honestly is the KEY to a successful diary (#scribe)."
569,包,"wrap",0,2020-01-28 04:19:50,"[Bind + Snake/myself]

#Wrap# it before you tap it; make sure your *snake* is good and *bound up*.

The *snake* bound up its prey by wrapping his body around it."
575,竜,"dragon",0,2019-12-03 17:23:03,"The dragon *rose up* from the *field* with a *hook* in its tail"
576,滝,"waterfall",1,2019-12-03 17:24:06,"A waterfall?? you mean a *water* *dragon* in its true form"
587,美,"beauty",1,2019-12-10 15:13:28,"A *horny king* (who is *big*) is a sign of beauty"
591,達,"accomplished / plural/delivery",0,2020-01-16 04:51:34,"[Jesus + Sheep + Movement/]

*Jesus* moved around with his *pack* of sheep; the catholic *movement* is built, he felt #accomplished#"
592,羨,"envious",0,2020-02-26 08:04:35,"[Devil/horny king + Water + Lack]
A *devil king* (sheep) that *lacks* *water* is destined to be envious of others"
601,集,"gather",0,2019-12-10 07:15:49,"Gather the *turkeys* for Thanksgiving.  Gather the *trees* for Christmas.  In that order..."
604,雑,"miscellaneous",0,2019-12-11 02:05:51,"Only in the miscellaneous department can you buy *9* *wooden* *turkeys*"
606,準,"semi- / (prepare / criteria)",0,2020-01-12 15:45:24,"[Water + Turkey + Ten/needle]

For thanks giving, I first *water* down the *turkeys*, then I shoot a *needle* into it. 

Used in:
準備 (じゅんび)"
609,確,"assurance",0,2019-12-12 17:31:22,"I assure you these crown shaped turkey nuggets are cooked on STONE"
611,許,"permit",0,2019-12-10 16:18:58,"Keep Your Opinions to yourself until I allow you to *say* them at *noon*."
616,習,"learn",0,2020-01-27 05:16:59,"[Feathers {羽} + White]
The feather-weight white-belt has a lot to learn..."
619,濯,"laundry",0,2020-01-05 17:16:40,"[Water + Day of week (with no day kanji) {曜}]

I do my laundry on Wednesday, because that is the *day* of *water*"
622,固,"harden",0,2020-01-30 16:06:53,"[Mouth/Pent (closed in) + Old]
Fossils are *old* things *pent in* that have hardened"
626,因,"origin/cause",0,2020-01-31 03:08:28,"[Mouth + Big]

The show *big* *mouth* talks the #cause/origin# of adulthood (puberty)

A *big* *mouth* is the cause of many problems... 　"
640,忘,"forget",0,2019-12-12 17:40:42,"[Bath tub + heart]

If you always forget to take a *bath* {亡} , your heart will never love.

A *dead* heart forgets everything"
646,誌,"document (magazine)",1,2019-12-11 02:10:07,"Look here, this document (magazine) *says* Jesus is in your *heart*."
654,意,"idea",0,2019-12-05 15:40:38,"A good idea will always sound right in your heart."
656,想,"concept",0,2019-12-12 06:10:04,"Imagine a *partner* ({相}) whose *heart* was the same as yours! it is SO romantic!"
661,惑,"beguile (be misguided or tempted",0,2020-01-27 16:10:53,"a certain {或} heart {心} is #uncertain#. Don't mistake with {感}"
663,憂,"melancholy",0,2019-12-10 15:09:02,"*100* *mustaches*, with *each* *heart* are grieving in melancholy."
691,義,"righteousness",0,2020-01-09 05:07:51,"[Horny King + We]
*We* are most righteous when we act like conformist *sheep*."
692,議,"deliberation / disscussion",0,2020-01-09 05:07:31,"[Say + righteousness(Horny King + We){義}]

Take {義} and think of it in terms of justice. A jury needs #deliberation# before a verdict is given. 

We humans cannot #deliberately# combine *words* with *sheep*, *we* arent magic"
698,搭,"board",0,2020-03-10 03:56:00,"[Pick up (My nigga MO + to suit/look good in) {拾} + Flower ]

I always *pick up* some *flowers* before boarding your Mom. We're romantic that way."
702,招,"beckon",0,2019-12-10 17:40:50,"Damn it! *MOe* *summoned* another demon

{召} summon"
705,打,"strike",0,2020-02-11 08:04:35,"[My nigga mo + Street/nail]

*My nigga mo* was struck down with a *nail*

*My nigga mo* hit a strike while playing in *the street*"
711,指,"finger",0,2019-12-03 16:53:12,"*Mo* and *hi*s *sun* both have fingers and toes"
717,揚,"hoist (deep fat fry)",0,2019-12-11 18:00:57,"*Mo* *easily* {易} hoisted the thing below the sun"
720,拾,"pick up",0,2019-12-03 17:43:25,"*Mo* did not *fit* into the clothes he picked up"
729,研,"polish",0,2020-01-30 14:55:19,"[Stone + ""A""/Both hands {开}]
The connotation of ""polish"" here is as in refining skills; polishing your skills; etc... 

So for a story, think more like a *stone* being polished by *both your hands* (with an abstract stone of knowledge). 

This kanji is for the most part just used in けんきゅう [研究] (n, vs) study, research, investigation."
733,鼻,"nose",0,2019-12-11 18:34:04,"You cant stop snorting all the *H* (Heroin) from *your* own {自} *fields*, can you"
734,刑,"punish",0,2019-12-23 17:04:42,"The death penalty is when they *open* up your whole torso with a *realistic sword* to punish you."
738,材,"lumber",0,2019-12-10 16:19:46,"the first guy to make lumber from a *tree* must have been a *genius*"
746,丈,"length",0,2019-12-11 04:17:07,"ナ + ノ = length"
762,投,"throw",0,2020-01-21 06:36:40,"[My nigga MO + missile]
My nigga *Mo* actually #threw#  a *missile* with his fingers, what a G!!!"
765,設,"establishment",0,2019-12-14 07:18:32,"When you attack the establishment with *words*, it fights back with *missiles*."
766,撃,"beat (attack/conquer)",0,2019-12-12 18:13:25,"Your car has missles?! That beats mine, hands down."
769,技,"skill",0,2019-12-18 06:24:51,"A surgeon's skill with his *fingers* determines his *branch* of medicine.

*My nigga MO* and his *support* {支} really improved my kanji skills"
773,怪,"suspicious",0,2020-02-26 03:04:40,"[heart (standing) + take a dump]

When I am suspicious, my *heart* races and I need to *take a fat dump*"
774,軽,"lightly",0,2020-01-15 04:05:37,"[Car + jesus taking a dump]

Yo I heard Jesus pulled up in a low-rider (car) and he lightly took a dump on CAS."
777,寂,"loneliness",0,2019-12-03 08:24:56,"The uncle living alone has a crown, but no friends"
780,坂,"slope",1,2019-12-03 09:08:41,"Bruh! *Jesus* is *anti-*slope, Bruh!

*Jesus* will throw any *anti-*believers down the hill"
782,返,"return",0,2020-01-14 07:19:33,"[Anti + Movement/motion]

*Anti*FA's *movement* did not return any benefits to society"
786,乳,"milk",0,2019-12-03 16:57:50,"Milk is a hook that the mother uses to keep the child in the nest."
789,将,"leader",0,2019-12-18 06:18:32,"[Backwards K + birds nest + glue]"
795,授,"impart / instruct",0,2020-01-16 05:08:54,"[My nigga mo + Receive {受}]

*My nigga mo* will *receive* learning support if the school can't #instruct# him correctly."
796,愛,"love",0,2019-12-05 15:08:08,"Each bird in the *nest* loves the guy with the *moustache* from the bottom of its heart."
811,窓,"window",0,2020-01-07 07:46:24,"[Hole {穴} + ム + Heart]"
821,育,"bring up",1,2019-12-14 06:46:54,"Bring up your *infant* well, so that he doesn't follow any *moon* cults

[An infant is simply *MUlan* wearing a *beret*]"
823,充,"fill up / allot",0,2020-01-30 12:10:42,"[Infant + Human Legs]

An *infant* will only be  Allotted 2 walking *legs* by the human genome."
826,流,"current",1,2019-12-14 07:28:29,"Water + infant + river

The *water* carried the *infant* along the *river's* current"
837,密,"secrecy",0,2019-12-12 17:58:56,"The *mountain* is *surely* hard to see (secrecy) under that giant *crown*.

[See {秘} and {必}]."
853,容,"contain",0,2019-12-09 09:51:27,"My house is so big, it contains an entire valley!"
869,破,"rend",0,2020-01-07 07:37:48,"[Stone + Skin]"
871,残,"remainder",0,2020-01-30 15:21:24,"[SHHH (タ + 一)  +  Shish kebab]

*Ssssh!!* Don't tell him I left the remainder of his *shish kebab* at the picnic."
899,環,"ring (environment)",0,2020-01-23 11:53:11,"[King + one net + enderman  {遠}]

The *KING* has *ONE NET* and one *ENDERMAN* to protect his environment"
909,鉄,"iron",0,2019-12-12 18:15:55,"He was digging for *gold*, but *missed out* {失} and found only iron ore."
924,労,"labor",0,2020-01-30 11:31:24,"[Punk (Hat + 3 drops) + Power]

A bad laborer acts like a *punk* full of *power*"
929,努,"toil",0,2020-01-30 11:42:03,"[Servant (Woman + crotch) + Power]

The *servant* (Woman + crotch) toiled with all her *power* to legalize shrooms"
932,加,"add",0,2020-01-07 06:45:02,"If you eat anymore, you will be adding more カロries. (katakana karo)"
937,協,"co-",0,2019-12-10 17:26:20,"*Ten* loners vs 3 *strong* dudes cooperating, I know who is gonna win"
939,律,"regulation (law) / rhythm",0,2020-01-30 15:11:47,"[GO + Brush]

To be a #law#yer, you need to *go* and *brush* up your people skills"
941,得,"gain",0,2019-12-05 15:38:56,"Go to the temple of the sun to obtain a blessing!"
949,役,"duty",0,2020-01-30 11:23:14,"[Go {彳} + Missile]

It is your duty to *go* stop that *missile*"
958,稿,"draft",0,2020-01-21 06:54:45,"[Wheat + Tall/Expensive]

Draft beer - made using *wheat* and its hella *expensive*"
965,秒,"second",0,2019-12-12 17:45:54,"A *few* grains of *wheat*, take but a second to eat."
970,秘,"secret",0,2019-12-12 17:59:18,"I *surely* smoke *wheat*, keep it a secret.
Do not confuse with {密}

[See {密} and {必}]."
979,委,"committee",0,2020-01-26 13:55:26,"[ Wheat + Woman ]
Female WHEAT farmers decide to create a COMMITTEE, which they fittingly name “The WHEAT WOMEN COMMITTEE.”"
992,迷,"astray (lost)",0,2019-12-14 05:03:04,"I have been lead #astray#, there was no *rice* on the *road* to America."
997,奥,"core",0,2019-12-29 15:05:37,"[GM's moustache (with a drop) + Rice + Big]"
998,数,"number",0,2020-01-27 15:59:47,"[Rice + Woman + Director]
*Rice*-*women* are nothing but numbers to the *director*."
1000,類,"sort / variety",0,2020-01-30 12:04:18,"[Rice + Big + Head/Page]
There are many sorts of *rice* in Japan. Some are as *big* as your *head*!"
1008,笑,"laugh",0,2019-12-23 17:19:20,"[Riffles / bamboo + Heavens {天}]

When God laughed too hard, he shot an angle to heaven with his rifles

That Panda is in *bamboo* *Heaven*! Just look at him laugh!"
1013,箱,"box",0,2019-12-12 17:14:17,"Take the 2 *rifles* off your *partners* ammo box, so that you can reload. GO! GO! GO!"
1016,等,"equal /etc./plural",0,2019-12-11 18:54:08,"""So what'd you see in Japan?"" - ""*Bamboo*, *temples*...#etc.#"""
1028,位,"rank",0,2019-12-12 06:08:46,"Rank:  A *person*'s *stand*ing"
1032,件,"affair",0,2020-01-23 10:51:34,"[Person + Cow]
Well, you may know the *guy* from Monster Musume. He is capable of having an affair with a *cow3!"
1036,伝,"transmit",0,2020-01-30 12:06:09,"[Person + rising clouds]

A *person* who smokes transmits *rising clouds* to those around him/her. (Think second hand smoking)."
1047,個,"individual",0,2020-01-30 16:07:55,"[Person + Harden (Mouth + Old) {固} ]

I know a *person* who works out everyday until each individual muscle has *hardened*."
1049,側,"side",0,2020-01-17 02:56:28,"[Person + rule {則}]

*People* keep two things by their side - *money* and a *realistic sword*.

On the psychedelic side, some *person* is fighting a *shellfish* with a *ri*alistic sword"
1052,値,"price",0,2019-12-17 05:34:21,"A person 亻will never tell you the real price *straightaway* 直.  You need to haggle a bit.  価値、かち, value (ka-ching $$$): あの家はあまり価値がないです, ""That house is not worth very much."" 値段、ねだん, price (+ grade): このTシャツの値段はいくらですか, ""How much is the price of this T-shirt?"" に値する、にあたいする, to be worth, deserve: 将軍は勇者に「君は勲章に値する」と言った, ""The general said to the brave man, 'You deserve a medal.'"""
1066,便,"convenience",0,2019-12-06 05:21:47,"(person) stops at a CONVENIENCE store to poop as it #GROWS LATE."
1067,倍,"double",0,2019-12-05 15:32:26,"A stunt double for *Mr T* had to wear a mouth *muzzle* to fool the movie audience."
1068,優,"tenderness",0,2019-12-10 15:09:44,"All you need is tenderness and kindness to get a person out of melancholy."
1070,宿,"inn",0,2020-01-09 09:09:14,"[Crow + standing person + hundred]
The *crown* inn can hold one *person* and one *hundred* others"
1077,府,"municipality",0,2020-01-31 02:22:13,"[Cave + adhere/stick to]

Even if a municipality is in a *cave*, you have to *adhere* to its policies."
1078,任,"responsibility",0,2020-01-23 11:30:21,"[Person + King]

A *person* living like a *king* has no responsibilities"
1079,賃,"fare",0,2019-12-11 19:07:56,"The *responsibility* {任} of paying the rent *money* is like a painful blow to my CHIN."
1081,袋,"sack",1,2019-12-10 16:04:01,"A *generation* of *cloth* (LID + KICK IN BALLS) was stashed in a sack"
1082,貸,"lend",0,2020-01-16 05:01:22,"[ time period/ generation {代} + shellfish/money]
A *generation* asked their elders to lend them some money/shellfish

貸す(かす)"
1102,卒,"graduate",0,2020-01-07 07:10:54,"[Beret + 2人 + Ten/Needle]

Looks like 2 dudes getting crushed"
1105,以,"by means of",0,2020-01-14 06:58:21,"Picture a person dragging a plow behind, and the drop of sweat which falls from his brow as he does his work. Think of him (or her, for that matter) making a living “by means of the sweat of their brows.”"
1106,似,"similar",0,2020-01-14 06:58:43,"[Person + By means of{以}]

A *PERSON* can become quite SIMILAR to someone else *BY MEANS OF* plastic surgery."
1122,換,"interchange",0,2019-12-06 07:07:34,"My Nigga *Mo* CAN exchange (interchange) his hand for *four* *big* *fish hooks* (FYI I am some kind of rejected Bond villain)"
1127,旅,"trip",0,2019-12-10 07:14:17,"When we go on a trip in that *direction*, we bring *a rifle* to shoot *hitchhikers*."
1130,易,"easy",0,2019-12-11 17:59:41,"The *sun* is an easy *thing* to see."
1140,屈,"yield",0,2020-01-13 02:36:35,"[Flag + Exit]

When yielding, soldiers raise the white *flag* before *exiting* from the trenches."
1148,遅,"slow",0,2020-01-16 04:48:43,"[Flag + Sheep + Motion/movement]
Road sign (*flag*): ""*Sheep* on are *moving* on a highway! Drive slowly."""
1154,訳,"translate",1,2020-01-09 05:10:58,"[Say/Words + R (custom prim)]

With my rad *words* and *sayings*, I radically *R*apped this whole story"
1158,肩,"shoulder",0,2019-12-10 17:22:14,"My Shol*DOOR* is an organ that hurts"
1163,涙,"tears",0,2019-12-11 19:02:14,"The master shed tears of joy when his lost dog returned to his doorstep. (See {戻})"
1170,祝,"celebrate",0,2020-01-09 05:27:03,"[ネ + older bro {兄}]

We shouldnt celebrate the *ネcrophile's* birthday without his *older bro*"
1173,社,"company",0,2020-01-21 06:57:54,"[ネ + Jesus]

The catholic church is a company full of *necorphiles* and *Jesus*-loving dudes"
1176,尉,"military officer",0,2020-01-27 03:25:53,"[Flag + Altar + glue]

The *flag* and the *altar* were glued by the military officer"
1177,慰,"consolation",0,2020-01-14 01:07:01,"[Military Officer {尉} + Heart]

A *military officer* must offer consolation to the *hearts* of the families of his fallen men."
1181,宗,"religion",0,2019-12-18 06:32:40,"you can discover a Japanese family religion by observing their *crowned altar*"
1190,宙,"mid-air / space (outer space)",0,2020-01-23 11:08:39,"[Crown + freedom/reason {由}]

In space, everyone can *crown* themselves *freely* as King of Space"
1195,押,"push",0,2019-12-14 07:00:10,"[ #push# = *My Nigga MO* + *turtle shell*] = *My Nigga MO* kept pushing the damn *turtle shell*, like some button.

[ push = fingers + roots ]　Moe, using his fingers, pushed the root down"
1202,果,"fruit / result",0,2020-01-30 15:28:00,"[rice field + Tree]

In the *rice field*, I saw a *tree* with fruits on it."
1209,祈,"pray",0,2020-01-09 05:25:25,"[ネkrophilia + Axe]

The *ネkorophile* prayed to god for mercy before was killed with an *axe*"
1218,断,"decision/judgement/refuse (sever",0,2020-01-30 11:05:14,"[""L"" + Rice/America + Ax]

Don't take *""L""* if your Hooked on *rice*. #Sever# your tie to your addiction by symbollically *axing* it."
1219,質,"substance / quality",0,2020-01-17 06:53:31,"[Axes + shellfish/money]
These *two axes* are the best-#quality# SHIT *money* can buy. They are an item of #substance#"
1233,寝,"lie down",0,2020-01-16 05:11:41,"[Crown + turtle + ヨ + lid + against/crotch]"
1246,君,"old boy / buddy",0,2020-02-11 07:30:13,"[Fork/brush + Mouth]

His #buddy# *brushed* his *mouth* on his dick"
1251,端,"edge",0,2019-12-10 15:58:42,"*Stand* on the edge of the *mountain* and *comb* your hair (FYI you are super nonchalant)"
1252,両,"both",0,2019-12-03 08:33:39,"1. The bull dog's face has a *nail* shape with *George Micheal's mustache* and *a mountain* for a nose.
2. Looks like a bull dogs face;"
1255,歯,"tooth",0,2020-02-11 07:40:09,"[Stop + Rice + U/pit]
\t
Teeth are there to *stop* the *rice* from falling into the *pits* of your gums."
1262,料,"fee (ingredients)",0,2020-01-07 06:58:45,"[Rice + Spice rack]
The #ingredients# needed are *rice*, it can be found in the *spice rack*; there aint no #fee#"
1263,科,"department",0,2019-12-06 05:05:48,"Weed (*wheat*) and spice (*spice rack*) are used for *SCIENCE*"
1267,備,"equip",0,2020-01-12 15:51:30,"[Person + flowers + cliff (no dot) + Use {用}]

A *person* who wants a *flower* and that will climb to the top of a cliff, will have many *uses*, you should equip them as a friend."
1268,昔,"once upon a time",1,2019-12-10 07:09:48,"once upon a time there was a *fence* where the *sun* never rose"
1270,借,"borrow",0,2020-01-16 04:59:20,"[Person + Back in the day {昔}]
*Back in the day*, you'd borrow from a *person*. These days you go to a bank.

借りる (かりる)"
1277,席,"seat",0,2019-12-05 15:16:18,"A farmer under a cliff is not sitting in his seat."
1284,焼,"bake",0,2019-12-11 18:50:16,"I got baked at Burning Man (where they light a giant *straw man* on *fire*)"
1289,判,"judgment",0,2020-01-30 10:51:34,"[Half {半} + Realistic Saber]

It takes good judgment to cut things in exactly *half* with a *realistic saber*."
1292,巻,"scroll",0,2020-02-28 06:56:17,"[Quarter (Samurai helmet) + Myself/snake {已}]

The scroll cost a *quarter* and was made out of *snake*skin."
1294,勝,"victory",0,2020-01-15 04:02:56,"[Moon/organs + Muscle + Power]

After your VICTORY cut your enemy's flesh and *organs* into *QUARTER*s to show your *POWER*."
1313,務,"task",0,2019-12-12 17:07:41,"*Mao Zedong's* task as the *director* of *force* and power is too spread communism"
1316,帰,"homecoming",0,2020-03-10 08:16:16,"[Realistic saber + Yo + ]"
1326,費,"expense",0,2020-01-16 05:13:51,"[Dollar sign ( long 2 + ル)   +  shellfish/money]

A *dollar sign* next to an amount of *money* denotes an expense."
1334,汚,"dirty",0,2020-01-23 11:45:48,"[Water + ]

きtanai. Backwards き with drops of dirt coming off it."
1335,与,"bestow",0,2020-01-21 06:19:16,"[Sling shot prim (No flat line)]
Part of the Kanji for 写真

{写}"
1336,写,"copy",0,2020-01-12 15:59:05,"[hat + bestow{与}]

The flat *crown* that is *bestowed* in coronation ceremonies is usually a copy."
1351,諸,"various",0,2020-01-30 15:49:27,"[Speak + someone/ninja {者}]

Go *speak* to *someone/ninja* about doing the various odd jobs here."
1359,追,"chase",0,2020-02-11 08:20:14,"[Maestro (Bureaucracy + A drop) + road/motion]

I chased down the *maestro* while making rude hand *motions*"
1369,効,"merit (effective)",0,2019-12-10 16:47:29,"If you *combine* {交} the *strong* {力} points of various techniques, you will get the most effective style!"
1393,障,"hinder / impede",0,2020-03-10 03:51:16,"[Town + badges {章}]

The cops in my *town* SHOW their *badges* to #impede# criminals."
1399,防,"ward off",0,2020-01-05 17:39:45,"[Town + direction]"
1401,院,"Inst.",0,2020-01-14 07:03:29,"[Town + perfect {完}]

The *Town* of Acropolis is the perfect place for an #Institute# to study Ancient Greece."
1405,降,"descend /rainfall / get out of v",0,2020-01-28 04:13:25,"[Town + each (bottom) + Fuck]

When I descend at a *town*, I give *each* local a good *fuck*"
1406,階,"story",0,2020-01-15 04:01:19,"[Town + All {皆}]

In this *town*, *all people* live in 3 story buildings (floors of a building)"
1408,隣,"neighboring",0,2020-01-09 05:00:06,"[Town + Rice + Date (evening + fuck)]

I'm *dating* an *rice* picker, from the neighboring *town*."
1417,究,"research",0,2020-01-30 14:56:14,"[Hole {穴} + 9]

I am researching the *holes* of *9* women to find the true one for me

I am NOT watching gay porn!! I am, um, researching the *holes* of *nine* CUTE adult actors!"
1425,探,"grope / look for",0,2019-12-18 06:45:36,"*My nigga MO* #looked# everywhere for his virginity, he checked underneath *the table* and under the *trees*, but he couldnt find it"
1436,縦,"vertical",0,2020-01-21 06:35:06,"[String + accompany {従}]

When *Spider-man* does his amazing vertical wall climbing, a throng of photographers *accompanies* him to get a good shot of the action."
1438,線,"line",0,2019-12-10 16:17:40,"Japan's train lines are like *threads* that *spring* from Tokyo station
\t
SEND a line made of string from here to the spring. (it is some engineers at work)

温泉"
1440,締,"tighten",0,2020-01-07 06:51:41,"[String + Sovereign {帝}]"
1443,練,"practice",0,2020-01-16 05:25:21,"[String + east]

Spider-Man practices Eastern martial arts."
1445,続,"continue",0,2019-12-14 05:10:16,"This *thread* (reddit thread) will continue to *sell* porn to people

続ける
続く
続き"
1447,統,"overall / tradition",0,2019-12-17 05:16:26,"(from eri401: This kanji means an overall link that shows key relationships - especially in the sense of who rules/governs.  
系統 = けいとう =   lineage; ancestry......
伝統 = でんとう = tradition 
統合 =とうごう =(1) unification (2) built-in)
If you think of the *thread* stretching back through time, it shows your overall lineage, including what genetic traits have been *allotted* to you."
1449,給,"salary",0,2020-01-15 03:57:35,"[Thread/String + Fit {合}]

The *thread*s you wear show if your salary is *fit* for this society"
1450,絡,"entwine",0,2019-12-23 17:13:19,"When threads become entwined, *each* *thread* is tangled to another."
1451,結,"tie",0,2019-12-23 16:50:52,"[String + good omen {吉}]

When my wife and I #tied# the knot (結婚・けっこん), Spider-Man {糸} was there to wish us *good luck*. Best. Wedding. Ever."
1460,経,"experience/sutra",0,2019-12-11 17:56:54,"This experience was like a *thread*, not like *Jesus taking a dump*"
1462,約,"promise",0,2019-12-10 07:12:30,"Blood oath is a promise, where a drop of blood turns into a binding thread."
1466,総,"general",0,2019-12-18 06:04:34,"To win GENERAL approval, THREAD your way into the PUBLIC's HEART."
1471,緑,"green",0,2019-12-10 16:16:13,"I have a RE-OCCURRING nightmare where green water pours out of my snout like a green string uncoiling.


(see {録}, {線})"
1492,系,"lineage",0,2020-01-28 02:51:40,"[Drop + Thread/String]
(Primitive: #DNA#)
a *drop* of looong spiraled *thread* that is the key to your #lineage#."
1493,係,"person in charge",0,2020-01-28 02:50:36,"[Person + group/tribe {系} ]
Person 亻 with the royal lineage 系 is Kate so she's the person in charge. (""Kate"" implies the reading ケイ. Other reading: かかり.) 関係 (かんけい) connection.

Mr. T is the person in charge of the DNA research center."
1495,懸,"suspend",0,2020-01-14 03:15:15,"[Prefecture {県} + String + Heart]

This *prefecture* would suspend (hang) people with a *string* until their *heart* stopped beating

Used in:
一生懸命 (いっしょうけんめい)"
1501,服,"clothing",0,2019-12-10 07:53:42,"You gotta have a *wardrobe* of clothing to cover your *organs*, so you don't get arrested."
1507,領,"jurisdiction / territory",0,2020-01-31 02:20:54,"[Command/order + Head/Page]

*Commands* are given by the *head* person in any #jurisdiction#."
1511,通,"traffic",0,2019-12-03 08:15:01,"If yo *MA*MA and her *elephant* ass dont start *moving*, traffic will be the last of worries."
1512,踊,"jump",1,2019-12-03 07:53:13,"踊る (to dance (2) ; to jump):
With your mouth, stop passing through MA and her curvy elephant, while we are dancing"
1521,宛,"address",0,2019-12-03 17:34:50,"Your address is *crow* *evening*, *9*, zipcode"
1522,腕,"arm",0,2019-12-03 17:35:26,"I was drunk so I wrote my address on the flesh (*organ*) of my arm to show the taxi driver."
1529,貿,"trade",0,2020-01-30 15:18:35,"[Top of 留, but the 田 becomes 貝]

The bottom of 留,  was traded to a 貝, giving the final kanji as 貿"
1530,印,"stamp",0,2019-12-23 17:38:02,"A stamp for the 印velope of course!"
1533,興,"entertain",0,2019-12-11 18:58:59,"Long E sandwich: Same {同} / legs"
1544,配,"distribute",0,2020-01-21 07:01:14,"[Western alcoholic + Snake ]

The *western alcoholic* tried illegally distributing *snake* wine"
1547,尊,"revered / esteem",0,2020-01-09 08:59:23,"[Horny Western Alcoholic (horns + west (with 2 lines))   +  glue]

The *Horny Western Alcoholic* was *glued* to マンコ, his self-#esteem# shot up after seeing porn"
1549,頭,"head",0,2020-01-15 04:16:30,"[Bean + Head/Page {頁}]
Mr *Bean* gives good *head*. (NO HOMO)"
1550,短,"short",0,2020-01-27 05:18:42,"[Arrow + Bean]

He is so short that his *arrow* shot Mr *bean* and not your mom"
1559,盗,"steal",0,2019-12-03 17:29:31,"The first thing to steal is the silverware; *next*, *the dishes*."
1560,温,"warm",0,2020-01-15 03:59:25,"[Water + Sun/day + Dish/plate]

To warm *water*, leave it in *a dish* in the afternoon *sun*."
1568,塩,"salt",0,2020-01-07 07:36:18,"[Earth/Jesus + Custom( Old fashioned train)]"
1569,銀,"silver",0,2019-12-29 14:42:09,"Like *gold*, *silver* is a metal.

Silver is almost as {良} as gold, but not quite (one stroke missing)."
1571,根,"root",0,2020-02-11 07:38:13,"[Tree + silver]
The #root#s of the magical *tree* are *silver*."
1574,節,"season / joint (node)",0,2020-01-16 05:18:41,"[Bamboo {竹} + instant {即}]

*Bamboo* grows *instantly* in this #season#!"
1575,退,"retreat",0,2020-01-07 07:17:09,"[Silver {銀} primitive + motion]

you see a huge army of people in *silver* armor *moving* on the road so you retreat"
1587,飾,"decorate",0,2019-12-03 08:05:22,"Before drinking, you decorate your rife and towel before heading to war"
1589,館,"Bldg.",0,2020-01-17 06:13:43,"[Eat (first part of 飲) + Federal/bureaucrat {官}]

Don't let your children grow up to be *bureaucrats*. The Gov't Bldgs. will *eat* them alive."
1592,飽,"sated (get sick of)",0,2019-12-10 16:39:52,"I *eat* (first part of 飲む) and I keep seeing a *2-shaped thing* in a *prison*, I am getting sick of this"
1602,希,"hope",0,2020-01-16 07:44:45,"[メ + cloth/fabric {布}]

I hope *Me* (メ) mum brings me clothes made from some fresh *fabric* - said the hype beast"
1612,辛,"spicy",0,2019-12-29 14:48:04,"This spicy sauce is hotter than *ten* peppers *standing* end to end."
1613,辞,"resign / quit",0,2019-12-29 14:47:13,"[Tongue {舌} + Spicy {辛}]

A CEO lashed out his spicy tongue (ie. made an inappropriate comment) and is being made to resign for it."
1621,親,"parent",0,2020-01-21 07:04:08,"[Stand/rise {立} + Tree + see {見}]

*Standing* on top of this *tree*, I can *see* my parents' house! Hi, Mom! Hi, Dad!"
1625,報,"report",0,2019-12-10 07:52:56,"There was a report saying that un*happy* people were found in their *closest* (wardrobe)"
1629,卑,"lowly",0,2019-12-09 01:48:05,"A lowly *grain of rice* is *glued* to the bottom of a lowly field with a single grain of rice"
1634,熱,"heat / fever",0,2020-01-17 07:01:55,"[termite pie + round {丸} + fire]"
1644,術,"art",1,2020-01-07 06:38:43,"*Go*ing to art shows is *ホ*'rrible

Don't *go* watch this *ホ*'rrible art!

A person who can make sandwich of the kanji {行} and the katakana ホ truly knows art."
1645,寒,"cold",0,2020-01-05 17:48:50,"[Crow + 3-legged fence + legs + 2 dots ]"
1652,素,"elementary",0,2020-01-05 17:50:26,"[Master {主} + String]

The *Master* killed his wife a *string*, elementary my dear Watson"
1653,麦,"barley",0,2020-01-21 08:06:25,"[master {主} + each {各} ]

The *master* used *each* and every piece of barley for the beer"
1657,情,"feelings",0,2019-12-10 07:51:24,"Q: What emotion are you feeling ?
A: My *heart* is *blue* ever since JOE Stalin left me.


Feeling blue is a state of mind where you're dominated by your feelings ."
1658,晴,"clear up",0,2020-01-05 17:51:12,"*Sun* and *blue sky*! Yep, the weather's cleared up!"
1661,責,"blame",0,2020-01-30 11:11:33,"[Master {主} + money/shellfish {貝}]
The *master* blames all his problems on money/shellfish {貝} and women.

The *master* blames you for being too SEXY, and as punishment, takes your money/shellfish {貝}."
1662,績,"exploits",0,2020-01-07 07:06:26,"[String + Blame {責}]

As the *thread* 糸 of his exploits was unravelled, it became obvious who was to *blame* 責 for the results. 成績"
1666,表,"express",0,2019-12-05 16:15:37,"Express:
The *Master* *expressed* his concern by have his *nuts kicked*"
1674,憲,"constitution",0,2020-01-30 15:57:52,"[Crown + Master + net + heart]

The *crowned* *master* has banned all dark *nets* and illegal *heart* stealing operations in his latest version of the constitution V69.420"
1687,寿,"longevity",0,2019-12-10 15:03:38,"Your *NO*se (ノ) has *3* (三) times the lifespan and longevity of *glue*."
1690,春,"springtime",0,2019-12-10 16:24:00,"A more simple Primitive than bonsai:  #3 people  三　＋　人#
Springtime: #3 people# sitting enjoying the escape from winter, soaking in the #sun#.

3 Stooges frolic and play on a spring day."
1694,実,"reality",0,2020-01-30 15:39:53,"[Crown + Bonsai (Master + animal legs)]

In reality, *Crowned* men never stood a chance against the *bonsai*"
1704,華,"splendor",0,2019-12-03 07:57:08,"華やか = showy; brilliant; gorgeous; florid; gay
華々しい = brilliant; magnificent; spectacular

Hint: Splendor in the Grass. Compare with 草. This is just a more splendid version of that kanji. It also has some cool flowers on top"
1715,念,"wish",0,2020-01-31 03:05:37,"[Now {今} + heart {心}]

What do you want to WISH for right *NOW* with all your *HEART* ?

A wish is what your *heart* wants *now*."
1719,予,"beforehand",0,2019-12-11 18:15:24,"Beforehand, Your *MA* *nailed* me hard"
1723,兼,"concurrently",0,2019-12-10 09:02:49,"The *horny one* and his *fork* are concurrently flexing their トs backwards and forwards"
1730,要,"need",0,2019-12-03 16:55:43,"The Old West needed -- really, really needed- more women."
1761,俳,"haiku",0,2019-12-12 06:02:15,"A haiku about a *person* liking *kim jong un* would hilarious

Are actors basically selfish, phony, *unjust* *people* ? HAI."
1765,輩,"comrade",0,2020-01-07 06:42:05,"[Kim Jong Un + Car]

*Kim Jong Un*  can ride a *Car* like a Russian Comrade

Used in 先輩 and 後輩"
1773,違,"difference",0,2020-01-09 05:20:08,"[Orgy (Five + Mouth + Fuck) + Motion]

At *orgies*, the difference between me and you is that I use lots of *motion*"
1782,岸,"beach / shore / coast",0,2020-01-30 12:01:16,"[Mountain + Cliff + Dry out {干}]

(Nude) beach : Can see *Mountains*; Is under a *cliff*; can *dry out* dick in private


A nude #beach# has *mountain*  in sight, its hidden under a *cliff*, where the bathers can *dry out* in privacy."
1785,宇,"eaves / Universe",0,2020-01-23 11:18:23,"[Crown + dry out {干}]
\t
I was *crowned* god of the universe, but my power *dried out* too soon"
1790,途,"route / on the way",0,2020-01-09 04:56:45,"[Excess (house roof + altar) + motion]

If you can do lots of *motion*, you're #On the way# to Taking Off *excess* pounds. In other words, exercise!"
1794,頼,"trust (ask a favor)",0,2019-12-10 17:34:53,"The *fag* begged for some *head*, but I didnt trust him"
1799,速,"quick",0,2019-12-10 16:01:12,"A *fag* (bundle) that *moves* quickly wont get shot in the US"
1800,整,"organize",0,2020-02-11 07:56:25,"[Bundle (faggot) + Director + Correct/honest]

To best ORGANIZE *bundles*, get a *taskmaster* to put items in the *correct* order."
1801,剣,"saber",0,2019-12-05 15:53:46,"Saber swallowers *risk* not being able to *ri* (reeeeeeee) as much as possible"
1810,種,"species",0,2020-01-30 12:03:06,"[Wheat + Heavy]
*Wheat* is eaten by all the *heavy* species (cows, horses, Americans, etc.)"
1834,欧,"Europe",0,2020-01-30 15:47:30,"[Ward {区} + Lack]
In Europe, we LACK wards, we prefer to divide areas into counties and boroughs."
1856,参,"visit",0,2020-01-07 06:44:43,"[ム + Big + ミ]"
1862,対,"vis-a-vis / against",0,2020-01-07 06:57:07,"[Beret +  メ + glue {寸}]

#Vis-a-vis# hats, a *glued*-on *beret* does not look good on me(メ)"
1866,斉,"adjusted",0,2019-12-11 17:53:29,"His *SENTENCES* ADJUSTED the *LADDER*"
1868,済,"finish",0,2019-12-11 17:54:32,"(NSFW)
Women's best friend for an easy finish: a well #adjusted# #water# in the tub. IYKWIM."
1879,映,"reflect / project",0,2020-01-17 06:55:52,"[Sun/day + central {央}]

Can also mean #project#. Picture a rudimentary cinema (映画) where the *sun* is #projected/reflected# into the *center* of the screen."
1885,恋,"romance",0,2019-12-10 14:58:20,"A *red* *heart* is the symbol for romance"
1887,黄,"yellow",0,2020-02-06 12:57:28,"[Salad,freely {由}, Animal legs]

The yellow *salad* was trapped, it couldn't *freely* escape, it had no animal legs."
1891,絶,"discontinue",0,2019-12-11 18:09:58,"They discontinued my favorite *thread* *color*, how will I sew this patch ?"
1902,期,"period",0,2020-02-11 07:19:43,"[Chess rook (prim (BUSHEL BASKET)) + moon/organ]

The girl shoved a *rook* up her *pussy* (genital organ) to stop her period."
1912,舞,"dance / flutter",0,2020-01-09 08:53:03,"[Nothing/without {無} + date (evening + fuck)]

Because of your poor #dancing#, you remain *without* a *date* (an evening fuck).

Be careful of {踊}"
1918,祖,"ancestor",0,2020-01-09 05:23:01,"[ネkrophilia + Lincoln's Hat]

My ancestor loved *ネ*ko's that wear *Abe Lincoln hats*

Be careful of: Partner {相}"
1921,助,"help",0,2020-01-14 06:46:55,"[Lincoln's hat + Strength]
Use your *strength* to save *Abe's hat*!! That pervert's Jacking Off into it!!!"
1924,並,"row",0,2019-12-10 15:27:19,"The Row-man numeral II with two rows of *animal horns*."
1933,僕,"me",0,2020-01-16 04:55:16,"[Person + Hedgehog + Horny King + legs]

I am a *person* who likes *hedgehogs* and the *2 legged* *horny king*"
1934,共,"together",0,2020-02-11 07:36:26,"[Salad + animal legs]
A fence with 2 legs that are together is moving on legs! WTF"
1939,洪,"deluge",0,2019-12-12 18:09:44,"Water + Together = damp
A Deluge is when so much *Water* is *Together* it creates a flood."
1940,港,"harbor",0,2020-02-11 07:37:10,"[deluge (Water + together) {洪} + snake]

During a *deluge* {洪}, all the poor *snakes* get washed into the harbor."
1946,井,"well",0,2019-12-10 17:04:13,"it looks like tic-tac-toe, so you can say, ""I play tic-tac-toe in the bottom of the well while waiting to be rescued."""
1948,囲,"surround",0,2020-01-05 17:44:30,"[Box (shape) + Well ]

The well was surrounded by some square encolsure"
1951,悪,"bad",0,2019-12-11 17:49:19,"Even though *beetles* have *hearts*, I still think they are bad"
1954,触,"contact",0,2019-12-10 07:04:54,"The bug came in contact with the windshield at a sharp angle. It didnt make it."
1955,解,"unravel",0,2020-01-15 03:56:01,"[Angle {角} + Sword + Cow]

Sherlock solved the mystery by unraveling at what *ANGLE* the *SWORD* went into the *COW*."
1957,講,"lecture",0,2020-01-07 07:01:12,"[Say + funnel ]"
1963,輪,"wheel",0,2020-02-26 01:31:04,"[Car + Bookstore]
The *car's* wheels crashed while we were going to the *bookstore*. 

At the car {車} buffs' meeting 合, they spoke volumes {冊} on the subject of their wheels. 車輪、しゃりん, car wheel: 車輪は車軸で回転する, ""Car wheels rotate on axles."" Rolled-up scrolls also have axes; how tomes 冊 were written in the old days. リン -> ""rim"" -> wheel. 指輪、ゆびわ, finger ring.

Be careful:
- {輸}"
1972,婚,"marriage",0,2020-01-13 02:28:30,"[Woman + family name {氏} + day]

The *day* a *woman* gets married she changes her *family name*"
1978,捕,"catch",0,2019-12-14 05:22:35,"*My nigga Mo* out here, goofin around on his *unicycle* {甫}, trying to catch an elephant or some shiz"
1988,部,"section",0,2019-12-06 05:35:20,"A section of that *town* is *double the amount* of paris"
1989,都,"metropolis",0,2019-12-10 15:22:49,"A *ninja* climbs the metropolis walls to infiltrate the right-side *village*"
1992,那,"interrogative",0,2020-01-12 16:00:38,"Cop gives you an interrogative stare and asks: ""Do you have a DAGGER {刀} or TWO {二}? You are entering the SLUM {阝}, you know."""
1993,郷,"hometown",0,2019-12-14 07:04:57,"*Eazy E* left the his hometown to for *silver*, the new *town* was way richer


Eazy E: looks like an E"
1996,廊,"corridor",0,2019-12-12 17:28:20,"Your SON {郎} plays in the CAVE {广}, pretending he's exploring a corridor. Wait a minute..."
1999,派,"faction",1,2019-12-10 15:33:52,"That faction wants to hitchhike to the *water*, but our faction wants to *hitch* (hitchhike) a ride to the *cliff*."
2009,詞,"parts of speech",0,2019-12-03 17:56:12,"Words audition with the director for parts of speech."
2014,航,"navigate",0,2020-03-10 03:48:05,"[Boat (radical) + Whirlwind (Berret + Connect human legs) {亢} ]

A good sailor knows how to navigate a *boat* through a *whirlwind*"
2019,船,"ship",0,2019-12-11 18:24:05,"SEND for the caterer! I have *eight* *mouths* to feed on this here *boat*!"
2032,飛,"fly",0,2020-01-23 11:17:19,"Captain *hook* flying in a *measuring* box with two *propellers*."
2041,革,"leather",0,2020-01-28 04:22:23,"[""Cowboy head"" {廿} + Mouth + Needle/ten]

Female cowboy with big tits and a thicc ass"
2044,声,"voice",0,2020-01-14 07:37:36,"[Jesus + stripped flag]

*Jesus* rose above the *striped flag* and sung with the voice of an angle"
2049,蒸,"steam",0,2019-12-11 17:39:44,"Note: *complete + water + floor* are later combined into 丞 {丞}. Story: The maker of a steam tea machine asks you for a *helping hand* and explains that your job is to throw Jasmine *flowers* on the *fire* to make the steam. RTK2:　ジョウ　蒸発　じょうはつ(evaporation)."
2053,牙,"tusk",0,2019-12-09 02:43:40,"This looks like a T on top of the katakana オ. T for the TUSK and Ohh for what could happen if you get to close to it.

The elephant vampire used his tusk and fangs"
2055,邪,"wicked",0,2019-12-09 02:35:24,"*Tusks* are fastened to the *city walls* to keep out the wicked"
2060,翻,"flip",1,2020-01-09 05:17:14,"[a drop of rice + Rice field + feathers {羽}]

*A drop of rice* was stolen from a *rice field*, the farmer flipped his shit when he saw a crow's feather.

used in 翻訳 (to translate)"
2071,張,"lengthen",0,2019-12-10 06:06:24,"Use your *bow* to lengthen (*long*) your shots"
2072,帳,"notebook",0,2020-02-11 08:13:25,"[Towel {巾} + long]

I need a *towel* to dry my *long* face every time I watch The Notebook."
2075,展,"unfold",0,2020-01-31 02:45:32,"[Flag + Salad (fence) + Kick in the nuts/Hairpin]

The *flag* had been used for a picnic so when I unfolded it, bits of *salad* and *hairpins* fell out of the folds."
2078,単,"simple",0,2020-01-14 07:12:13,"[Owl (three dots) + Rice field + Ten/Needle]
It's simple for an owl to find a needle in a rice field 田, because an owl's eyesight is ten 十 times better than a human's.

The key word does not connote easy or facile, but rather simple as the opposite of complex."
2079,戦,"war",0,2019-12-09 10:02:43,"To start a war, simply throw a spear."
2081,弾,"bullet / Play (e.g: Guitar, pian",0,2020-01-14 07:11:39,"[Bow + Simple {単}]

The *bow* was a weapon for *simple* times, but nowadays it has been replaced by bullets."
2084,脳,"brain",0,2020-01-05 17:38:05,"[Moon + 3 dots + villain]

The brain, the organ of the 3 (dots) Stooges, those niggas were *terrible/villainous*


The brain is the nastiest part of the human body, when the *moon* arises *3 dots* linger above the *villain* knows as the Nigga who made the IB"
2085,悩,"trouble",0,2020-01-28 02:47:30,"[Heart (standing) + Owl (3 dots) + Terrible/villain {凶}]

Too much *heart (standing)* and not enough *brain* are what cause trouble and worry in society

The *state of mind* of someone who is both a night *owl*, and a *villain* is ""looking for trouble."""
2088,挙,"raise",0,2019-12-06 07:36:49,"You can raise *pi* to *3 decimal places* with your *hands*"
2102,緩,"loosen",0,2019-12-11 18:47:00,"I tied a *string* around a *crow's* neck but it got loose, and then it got loose."
2105,偶,"accidentally",0,2019-12-14 05:35:06,"A person with /*ninja turtle shell*/ accidentally straight up MUlested George Micheal"
2121,就,"concerning",0,2020-01-23 11:42:35,"[Capital {京} + dog (not quite, better kanji is {尤})]

In the *Capital* I saw *a dog* with one human leg, quite concerning."
2131,像,"statue",0,2019-12-05 15:12:29,"The statue of liberty is being replaced by a statue of Mr. T riding an elephant."
2134,験,"verification (test)",0,2020-01-05 17:32:36,"[Horse {馬} + risk]

I need to verify (#test#) that the *horses* arent at *risk*, said the horse fucker"
2152,劇,"drama",0,2019-12-10 07:28:28,"This is a play (drama) about a *tiger* killing a *pig* with his *REE*alistic sword (*reeeee*).."
2156,薦,"recommend",0,2020-01-21 06:20:39,"[Flower + deer {鹿} + slingshot (looks like {与}) + tail feather]

Hunting recommendations: use *flowers* to lure *deer*, and use a *slingshot* to kill birds, take a *feather* as a reward."
2159,熊,"bear",0,2019-12-12 18:02:37,"A bear has no *ability* {能} (ノウ）to make *fire* 灬. 熊、くま, bear, like くまモン, mascot of 熊本県、くまもとけん, Kumamoto Prefecture.  熊は火を作る能力がない, ""A bear does not have the ability to make fire."" 猟師は熊の足跡を辿った, ""The hunter followed down the bear's tracks."" 虎に比べれば熊は優しい動物です, ""Compared to a tiger, a bear is a gentle animal."""
2160,能,"ability",0,2019-12-12 18:06:00,"On top of the *moon*, MUlan did the Micheal Jackson: ""*HI*  *HI*"" Sound. This was probably not the best of her abilities"
2163,演,"performance",1,2019-12-10 07:25:02,"You'll ENJOY the performance. A stream of *water* falls on a *crown*, causing it to topple onto a *TNT plunger* which crushes some *animal legs* and blows up the whole theater!!"
2167,振,"shake",0,2020-01-28 02:56:22,"[My nigga MO + Payback (kanji damage)]

*My Nigga MO* had to shake his ass to *payback* his debt"
2173,関,"connection",0,2020-01-28 02:49:44,"[Gate + Horny Heavens]

The *gate* to the *Horny Heavens* is my connection to God"
2174,咲,"blossom",0,2019-12-29 14:30:22,"[Mouth + Horny Heaven]

When I put my *mouth* on a girl's snatch, she goes on a trip to the *horny heavens* where she blossoms into a goddess"
2178,魔,"witch",0,2019-12-09 02:36:38,"*Caves* 广, sacred *groves* 林,  and *demons* 鬼 are often associated with witches.  So is the use of drugs, like *hemp* 麻.  魔女、まじょ, witch (cf *mago* or *mage*); 魔法、まほう, witchcraft, sorcery: 魔女は魔法を使うことができます, ""A witch is able to use witchcraft.""  魔術、まじゅつ, sorcery, black arts (cf ""magic""); 魔術師、まじゅつし, magician, illusionist."
2184,雰,"atmosphere",0,2020-01-05 17:46:09,"[Rain + understand]
Looks like an old and stoned cat

** hits DMT pipe **, 
"" With the pouring of the rain, I will soon come to understand the true nature of the universe and its atmosphere """
2241,云,"quote / (prim: rising cloud)",0,2020-01-07 06:37:02,"[二+ム]

Sounds like Nemo."
2280,喋,"chatter",0,2020-01-21 06:58:41,"[Mouth + Generation {世} + Tree]

Older *Mouths* like to chatter about the new *generation* on the *tree*.

Chattering *mouths* do nothing to save *generations* of *trees* being cut down worldwide. Greta Thunberg needs to take action.

Looks like: {葉}"
2281,嘩,"quarrel",0,2020-01-14 07:43:51,"[Mouth + splendor {華}]

*Mouths* quarrel over who is more *splendid*.

in a quarrel, each person tries to make the most *splendid* point come out of their *mouth* 喧嘩＝（けん）か"
2282,噂,"gossip / rumor",0,2020-01-09 09:12:56,"[Mouth + esteem {尊}]

I heard a #rumor# that *horny western alcoholics* are *glued* to Japanese women blowing them with their *mouths*

When you spread #rumors#, your *mouth* messes with peoples' self-*esteem*"
2284,喧,"clamor / Fligh / Quarrell",0,2020-01-14 07:40:57,"[Mouth + Proclaim {宣}]

To clamor means to open your *mouth* and *proclaim* loudly your opinions."
2286,嘘,"fib / lie",0,2020-01-09 08:46:40,"[Mouth + Empty/void (tiger + Hedgehog)]

A *mouth* that tells #lies# is *empty* of truth."
2454,蕎,"buckwheat",0,2020-01-21 06:31:53,"[Flower + angel ({橋} without the tree)]

The Greek goddess Demeter exchanged a *flower* to save the *angels*, she was given buckwheat as a reward"
2627,痺,"paralysis",0,2019-12-09 01:51:58,"[become numb, paralysed]

A sickness that plagues Chinese pirated DVDs is paralysis: The lowly discs often freeze during playback. (see 婢 (#2309)."
2697,繋,"link up",0,2019-12-09 02:54:00,"To link up CAR 車 (#304) with a MISSILE 殳? Almost as crazy as a thread  糸 (#1431)."
2774,醤,"soy sauce",0,2019-12-18 06:15:03,"醤油=醬油 {醤} ショウ(将)
...
Parts:将, 酉 (cf:  将軍{将}, 
...
Story: The *Shogun/Leader* had conquered OVER his *alcohol* addiction, but had to still pretend, so he had bottles filled with Soy Sauce to keep appearances."
2806,鞄,"briefcase",0,2020-01-27 16:09:14,"[leather {革} + wrap {包}]

I was on my way to a PETA meeting but they wouldn't let me bring in my *leather* briefcase in so I *wrapped* it with some cloth."
29995,甫,"offspring",0,2019-12-14 05:23:15,"[#Dog Tag#]
It was #not until# we lost him once that we decided to put a #dog tag# on our dog.

Found in *catch* {捕}, *suckle* {哺}, *seaside* {浦}, *shop* {舗} ⇄ {鋪}, *supplement* {補} ⇄ {輔}, *veggie patch* {圃}, *creep* {匍} and *specialist ✦* {尃}.

Names: {埔}, {鯆}."
33593,茹,"boil",1,2019-12-12 17:36:54,"A poorly boiled *flower* will never touch a *woman's* *mouth*"
36101,贅,"Unicode #36101",0,2019-12-17 05:23:16,"The taskmaster is *proud* {敖}  of his *money* and spares no expense to live in #luxury#."
